SKU,Description,Active,AssemblyAmount,AssemblyOption,AssemblyTime,BrandID,Category,DeliveryGroup,DiscountEligible,DisplayAvailability,FinancingEligible,FreightGroup,LocalDelivery,Model,MSRP,PowerType,ProductType,PromoName,QtyDanbury,QtyNewMilford,RebateEligible,RebateEndDate,RebateStartDate,RebateToCustomer,SaleEndDate,SalePrice,SaleStartDate,Series,SortOrder,SpecialFinancingEligible,SubCategory,System,Taxable,AllowBackorder,BuyOnlineEligible,MaximumOnLineQty,AvailabilityRequestEligible,ShippingEligible,ShippingRateType,ShipWeight,ShipLength,ShipWidth,ShipHeight,ShippingCarrierRule,ShippingRestriction,ShipsSeparately,RequiredEngineHPMin,RequiredEngineHPMax,RequiredPTOHPMin,RequiredPTOHPMax,RequiredSKU1,RequiredSKU1Qty,SKU1Requires1,SKU1Requires1Qty,SKU1Requires2,SKU1Requires2Qty,RequiredSKU2,RequiredSKU2Qty,SKU2Requires1,SKU2Requires1Qty,SKU2Requires2,SKU2Requires2Qty,RequiredSKU3,RequiredSKU3Qty,SKU3Requires1,SKU3Requires1Qty,SKU3Requires2,SKU3Requires2Qty,YZ252,YZ260,YZ360,YZ372,YZ460,YZ472,GROUP_SA223,SA223KBH-L,GROUP_SA325,GROUP_SA425,GROUP_SA425DHX,GROUP_YT235,GROUP_YT235C,GROUP_YT347,GROUP_YT347C,GROUP_YT359,GROUP_YT359C,GROUP_YM225,GROUP_YM232,GROUP_YM238,GROUP_YM342,GROUP_YM347,GROUP_YM359,GROUP_SM240,GROUP_SM240H,GROUP_SM475,WeightLb,WeightKg,Weight,WeightUnit,SpecLabel1,SpecValue1,SpecLabel2,SpecValue2,SpecLabel3,SpecValue3,SpecLabel4,SpecValue4,SpecLabel5,SpecValue5,SpecLabel6,SpecValue6,SpecLabel7,SpecValue7,SpecLabel8,SpecValue8,SpecLabel9,SpecValue9,SpecLabel10,SpecValue10
4PROPS-SAP,4 Post ROPS,T,200,T,2,YANMAR,Attachments,,T,T,T,YANMAR-ATTACHMENT,,4PROPS-SAP,3273,,Attachment, ,0,0,T,,,,,,,,257,,,Attachment,T,,,,,,,,,,,,,,,,,,,,,,,,,,,,,,,,,,,,,,,,,,,,T,T,,,,,,,,,,,,,,,,,,,,,,,,,,,,,,,,,,,,,,,,
B65A-SAP-KIT,B65 Backhoe,T,800,T,8,YANMAR,Attachments,,T,T,T,YANMAR-ATTACHMENT,,B65A-SAP-KIT,11308,,Attachment, ,0,0,T,,,,,,,,258,,,Attachment,T,,,,,,,,,,,,,,,,,,YL110-SAP,1,,,,,YL210-SAP,1,,,,,,,,,,,,,,,,,T,F,T,T,T,,,,,,,,,,,,,,,,,,,,,,,,,,,,,,,,,,,,,,,
B75A-YM2P-KIT,B75 Backhoe,T,800,T,8,YANMAR,Attachments,,T,T,T,YANMAR-ATTACHMENT,,B75A-YM2P-KIT,16379,,Attachment, ,0,0,T,,,,,,,,259,,,Attachment,T,,,,,,,,,,,,,,,,,,,,,,,,,,,,,,,,,,,,,,,,,,,,,,,,,,,,,,,,,,,,,,,,,,,,,,,,,,,,,,,,,,,,,
B75A-YT2P-KIT,B75 Backhoe,T,800,T,8,YANMAR,Attachments,,T,T,T,YANMAR-ATTACHMENT,,B75A-YT2P-KIT,16379,,Attachment, ,0,0,T,,,,,,,,260,,,Attachment,T,,,,,,,,,,,,,,,,,,,,,,,,,,,,,,,,,,,,,,,,,,,,,,,,,,,,,,,,,,,,,,,,,,,,,,,,,,,,,,,,,,,,,
B75-YT2P-KIT,B75 Backhoe,T,800,T,8,YANMAR,Attachments,,T,T,T,YANMAR-ATTACHMENT,,B75-YT2P-KIT,16379,,Attachment, ,0,0,T,,,,,,,,261,,,Attachment,T,,,,,,,,,,,,,,,,,,,,,,,,,,,,,,,,,,,,,,,,,,,,,,,,,,,,,,,,,,,,,,,,,,,,,,,,,,,,,,,,,,,,,
B85-YM3P-KIT,B85 Backhoe,T,800,T,8,YANMAR,Attachments,,T,T,T,YANMAR-ATTACHMENT,,B85-YM3P-KIT,19636,,Attachment, ,0,0,T,,,,,,,,262,,,Attachment,T,,,,,,,,,,,,,,,,,,,,,,,,,,,,,,,,,,,,,,,,,,,,,,,,,,,,,,,,,,,,,,,,,,,,,,,,,,,,,,,,,,,,,
B85-YT3P-KIT,B85 Backhoe,T,800,T,8,YANMAR,Attachments,,T,T,T,YANMAR-ATTACHMENT,,B85-YT3P-KIT,19730,,Attachment, ,0,0,T,,,,,,,,263,,,Attachment,T,,,,,,,,,,,,,,,,,,,,,,,,,,,,,,,,,,,,,,,,,,,,,,,,,,,,,,,,,,,,,,,,,,,,,,,,,,,,,,,,,,,,,
BBUCKET12-B75P,"12"" Bucket",T,0,T,0,YANMAR,Attachments,,T,T,T,YANMAR-ATTACHMENT,,BBUCKET12-B75P,844,,Attachment, ,0,0,T,,,,,,,,264,,,Attachment,T,,,,,,,,,,,,,,,,,,,,,,,,,,,,,,,,,,,,,,,,,,T,F,T,T,T,,,,,,,,,,,,,,,,,,,,,,,,,,,,,,,,,,,,,,,
BBUCKET12-B85P,"12"" Bucket",T,0,T,0,YANMAR,Attachments,,T,T,T,YANMAR-ATTACHMENT,,BBUCKET12-B85P,1003,,Attachment, ,0,0,T,,,,,,,,265,,,Attachment,T,,,,,,,,,,,,,,,,,,,,,,,,,,,,,,,,,,,,,,,,,,,,,,,,,,,,,,,,,,,,,,,,,,,,,,,,,,,,,,,,,,,,,
BBUCKET16-B75P,"16"" Bucket",T,0,T,0,YANMAR,Attachments,,T,T,T,YANMAR-ATTACHMENT,,BBUCKET16-B75P,893,,Attachment, ,0,0,T,,,,,,,,266,,,Attachment,T,,,,,,,,,,,,,,,,,,,,,,,,,,,,,,,,,,,,,,,,,,T,F,T,T,T,,,,,,,,,,,,,,,,,,,,,,,,,,,,,,,,,,,,,,,
BBUCKET18-B75P,"18"" Bucket",T,0,T,0,YANMAR,Attachments,,T,T,T,YANMAR-ATTACHMENT,,BBUCKET18-B75P,954,,Attachment, ,0,0,T,,,,,,,,267,,,Attachment,T,,,,,,,,,,,,,,,,,,,,,,,,,,,,,,,,,,,,,,,,,,,,,,,,,,,,,,,,,,,,,,,,,,,,,,,,,,,,,,,,,,,,,
BBUCKET18-B85P,"18"" Bucket",T,0,T,0,YANMAR,Attachments,,T,T,T,YANMAR-ATTACHMENT,,BBUCKET18-B85P,1198,,Attachment, ,0,0,T,,,,,,,,268,,,Attachment,T,,,,,,,,,,,,,,,,,,,,,,,,,,,,,,,,,,,,,,,,,,,,,,,,,,,,,,,,,,,,,,,,,,,,,,,,,,,,,,,,,,,,,
BBUCKET24-B75P,"24"" Bucket",T,0,T,0,YANMAR,Attachments,,T,T,T,YANMAR-ATTACHMENT,,BBUCKET24-B75P,1013,,Attachment, ,0,0,T,,,,,,,,269,,,Attachment,T,,,,,,,,,,,,,,,,,,,,,,,,,,,,,,,,,,,,,,,,,,,,,,,,,,,,,,,,,,,,,,,,,,,,,,,,,,,,,,,,,,,,,
BBUCKET24-B85P,"24"" Bucket",T,0,T,0,YANMAR,Attachments,,T,T,T,YANMAR-ATTACHMENT,,BBUCKET24-B85P,1360,,Attachment, ,0,0,T,,,,,,,,270,,,Attachment,T,,,,,,,,,,,,,,,,,,,,,,,,,,,,,,,,,,,,,,,,,,,,,,,,,,,,,,,,,,,,,,,,,,,,,,,,,,,,,,,,,,,,,
BBUCKET9-B75P,"9"" Bucket",T,0,T,0,YANMAR,Attachments,,T,T,T,YANMAR-ATTACHMENT,,BBUCKET9-B75P,638,,Attachment, ,0,0,T,,,,,,,,271,,,Attachment,T,,,,,,,,,,,,,,,,,,,,,,,,,,,,,,,,,,,,,,,,,,T,F,T,T,T,,,,,,,,,,,,,,,,,,,,,,,,,,,,,,,,,,,,,,,
BS620SK,Bed Shaper ,T,200,T,2,YANMAR,Attachments, ,T,T,T,YANMAR-ATTACHMENT,F,DP50120CBNA,5813, ,Attachment,,0,0,T,,,,,,,,253,,,Attachment,T,,,,,,,,,,,,,,,,,,,,,,,,,,,,,,,,,,,,,,,,,,,,,,,,,,,,,,,,,,,,,,,,,,,,,,,,,,,,,,,,,,,,,
CANOPY-YMP,Canopy,T,100,T,1,YANMAR,Attachments,,T,T,T,YANMAR-ATTACHMENT,,CANOPY-YMP,1124,,Attachment, ,0,0,T,,,,,,,,272,,,Attachment,T,,,,,,,,,,,,,,,,,,,,,,,,,,,,,,,,,,,,,,,,,,,,,,,,,,,,,,,,,,,,,,,,,,,,,,,,,,,,,,,,,,,,,
CANOPY-YT3P,Deluxe Canopy,T,100,T,1,YANMAR,Attachments,,T,T,T,YANMAR-ATTACHMENT,,CANOPY-YT3P,1568,,Attachment, ,0,0,T,,,,,,,,273,,,Attachment,T,,,,,,,,,,,,,,,,,,,,,,,,,,,,,,,,,,,,,,,,,,,,,,,,,,,,,,,,,,,,,,,,,,,,,,,,,,,,,,,,,,,,,
GRAPPLE-SAP,Grapple,T,100,T,1,YANMAR,Attachments,,T,T,T,YANMAR-ATTACHMENT,,GRAPPLE-SAP,2272,,Attachment, ,0,0,T,,,,,,,,274,,,Attachment,T,,,,,,,,,,,,,,,,,,TVK-YL110P,1,YL110-SAP,1,,,TVK-YL210P,1,YL210-SAP,1,,,TVK-YL210P,1,YL210-SA4PRP,1,,,,,,,,,T,,T,T,T,,,,,,,,,,,,,,,,,,,,,,,,,,,,,,,,,,,,,,,
GRAPPLE-YT2P,Grapple,T,100,T,1,YANMAR,Attachments,,T,T,T,YANMAR-ATTACHMENT,,GRAPPLE-YT2P,3313,,Attachment, ,0,0,T,,,,,,,,275,,,Attachment,T,,,,,,,,,,,,,,,,,,,,,,,,,,,,,,,,,,,,,,,,,,,,,,,,,,,,,,,,,,,,,,,,,,,,,,,,,,,,,,,,,,,,,
GRAPPLE-YT3P,Grapple,T,100,T,1,YANMAR,Attachments,,T,T,T,YANMAR-ATTACHMENT,,GRAPPLE-YT3P,4638,,Attachment, ,0,0,T,,,,,,,,276,,,Attachment,T,,,,,,,,,,,,,,,,,,,,,,,,,,,,,,,,,,,,,,,,,,,,,,,,,,,,,,,,,,,,,,,,,,,,,,,,,,,,,,,,,,,,,
M60B-SA21P,"60"" Mid-Mount Mower",T,400,T,4,YANMAR,Attachments,,T,T,T,YANMAR-ATTACHMENT,,M60B-SA21P,3661,,Attachment, ,0,0,T,,,,,,,,277,,,Attachment,T,,,,,,,,,,,,,,,,,,,,,,,,,,,,,,,,,,,,,,,,,,T,,,,,,,,,,,,,,,,,,,,,,,,,,,,,,,,,,,,,,,,,,,
M60FB-SA24P,Mid-Mount Mower,T,400,T,4,YANMAR,Attachments,,T,T,T,YANMAR-ATTACHMENT,,M60FB-SA24P,4094,,Attachment, ,0,0,T,,,,,,,,278,,,Attachment,T,,,,,,,,,,,,,,,,,,,,,,,,,,,,,,,,,,,,,,,,,,,,T,T,T,,,,,,,,,,,,,,,,,,,,,,,,,,,,,,,,,,,,,,,
M60FB-YT2P,Mid-Mount Mower,T,400,T,4,YANMAR,Attachments,,T,T,T,YANMAR-ATTACHMENT,,M60FB-YT2P,4294,,Attachment, ,0,0,T,,,,,,,,279,,,Attachment,T,,,,,,,,,,,,,,,,,,,,,,,,,,,,,,,,,,,,,,,,,,,,,,,,,,,,,,,,,,,,,,,,,,,,,,,,,,,,,,,,,,,,,
PFQ100,Pallet Forks,T,100,T,1,YANMAR,Attachments,,T,T,T,YANMAR-ATTACHMENT,,PFQ100,1775,,Attachment, ,0,0,T,,,,,,,,280,,,Attachment,T,,,,,,,,,,,,,,,,,,YL110-SAP,1,,,,,YL210-SAP,1,,,,,,,,,,,,,,,,,T,,T,T,T,,,,,,,,,,,,,,,,,,,,,,,,,,,,,,,,,,,,,,,
RBSD620,Bed Shaper ,T,0,T,0,YANMAR,Attachments, ,T,T,T,YANMAR-ATTACHMENT,F,DP5080CBNA,0, ,Attachment, ,0,0,T,2026-09-30,2026-08-01,150,,,,,252,,,Attachment,T,,,,,,,,,,,,,,,,,,,,,,,,,,,,,,,,,,,,,,,,,,,,,,,,,,,,,,,,,,,,,,,,,,,,,,,,,,,,,,,,,,,,,
RT620YJ,Rotary Tiller,T,200,T,2,YANMAR,Attachments, ,T,T,T,YANMAR-ATTACHMENT,F,DP50120CBNA,4479, ,Attachment,,0,0,T,,,,,,,,254,,,Attachment,T,,,,,,,,,,,,,,,,,,,,,,,,,,,,,,,,,,,,,,,,,,,,,,,,,,,,,,,,,,,,,,,,,,,,,,,,,,,,,,,,,,,,,
SB60C,"60"" Snow Blower",T,300,T,3,YANMAR,Attachments,,T,T,T,YANMAR-ATTACHMENT,,SB60C,5728,,Attachment, ,0,0,T,,,,,,,,281,,,Attachment,T,,,,,,,,,,,,,,,,,,,,,,,,,,,,,,,,,,,,,,,,,,,,,,,,,,,,,,,,,,,,,,,,,,,,,,,,,,,,,,,,,,,,,
SB60R,"60"" Snow Blower",T,300,T,3,YANMAR,Attachments,,T,T,T,YANMAR-ATTACHMENT,,SB60R,4788,,Attachment, ,0,0,T,,,,,,,,282,,,Attachment,T,,,,,,,,,,,,,,,,,,FHKIT-SA22P,1,DLKIT-SA22,1,,,FHKIT-SA32P,1,DLKIT-SA32,1,,,,,,,,,,,,,,,T,,T,T,T,,,,,,,,,,,,,,,,,,,,,,,,,,,,,,,,,,,,,,,
SCVSKID-SAP,SVC Hose Guard,T,150,T,1.5,YANMAR,Attachments,,T,T,T,YANMAR-ATTACHMENT,,SCVSKID-SAP,511,,Attachment, ,0,0,T,,,,,,,,286,,,Attachment,T,,,,,,,,,,,,,,,,,,,,,,,,,,,,,,,,,,,,,,,,,,T,,T,T,T,,,,,,,,,,,,,,,,,,,,,,,,,,,,,,,,,,,,,,,
SFCAB2-SA221P,Soft Cab Kit,T,600,T,6,YANMAR,Attachments,,T,T,T,YANMAR-ATTACHMENT,,SFCAB2-SA221P,2324,,Attachment, ,0,0,T,,,,,,,,283,,,Attachment,T,,,,,,,,,,,,,,,,,,,,,,,,,,,,,,,,,,,,,,,,,,T,,,,,,,,,,,,,,,,,,,,,,,,,,,,,,,,,,,,,,,,,,,
SFCAB2-SAP,Soft Cab Kit,T,600,T,6,YANMAR,Attachments,,T,T,T,YANMAR-ATTACHMENT,,SFCAB2-SAP,2324,,Attachment, ,0,0,T,,,,,,,,284,,,Attachment,T,,,,,,,,,,,,,,,,,,,,,,,,,,,,,,,,,,,,,,,,,,,,T,T,,,,,,,,,,,,,,,,,,,,,,,,,,,,,,,,,,,,,,,,
SFCAB4-SAP,Soft Cab Kit,T,600,T,6,YANMAR,Attachments,,T,T,T,YANMAR-ATTACHMENT,,SFCAB4-SAP,1997,,Attachment, ,0,0,T,,,,,,,,285,,,Attachment,T,,,,,,,,,,,,,,,,,,,,,,,,,,,,,,,,,,,,,,,,,,,,,,T,,,,,,,,,,,,,,,,,,,,,,,,,,,,,,,,,,,,,,,
THUMB-B85P,Mechanical Thumb Kit,T,100,T,1,YANMAR,Attachments,,T,T,T,YANMAR-ATTACHMENT,,THUMB-B85P,1369,,Attachment, ,0,0,T,,,,,,,,287,,,Attachment,T,,,,,,,,,,,,,,,,,,,,,,,,,,,,,,,,,,,,,,,,,,,,,,,,,,,,,,,,,,,,,,,,,,,,,,,,,,,,,,,,,,,,,
YBB104,Yanmar YBB104 - 4' Box Blade,T,100,T,1,YANMAR,Attachments,,T,T,T,Tarter Attachment,,YBB104,1351,,Attachment,,0,0,T,,,,,,,Tarter,438,,Box Blade,Attachment,T,,,,,,,,,,,,,,15,28,,,,,,,,,,,,,,,,,,,,,,,,,,,,,,,,,,,,,,,,,,,,,,,245,,,245 lb (111 kg),Required Engine Hp,15 - 18,Required PTO Hp, ,Hitch Type,Limited Category 1,Quick Hitch Compatible,Yes,Working Width,49.25 in,Number of Shanks,4,,,,,,,,
YBB205,Yanmar YBB205 - 5' Box Blade,T,100,T,1,YANMAR,Attachments,,T,T,T,Tarter Attachment,,YBB205,1469,,Attachment,,0,0,T,,,,,,,Tarter,439,,Box Blade,Attachment,T,,,,,,,,,,,,,,18,35,,,,,,,,,,,,,,,,,,,,,,,,,,,,,,,,,,,,,,,,,,,,,,,395,,,395 lb (179 kg),Required Engine Hp,18 - 35,Required PTO Hp, ,Hitch Type,Category 1,Quick Hitch Compatible,Yes,Working Width,60.75 in,Number of Shanks,5,,,,,,,,
YBB206,Yanmar YBB206 - 6' Box Blade,T,100,T,1,YANMAR,Attachments,,T,T,T,Tarter Attachment,,YBB206,1592,,Attachment,,0,0,T,,,,,,,Tarter,440,,Box Blade,Attachment,T,,,,,,,,,,,,,,20,45,,,,,,,,,,,,,,,,,,,,,,,,,,,,,,,,,,,,,,,,,,,,,,,445,,,445 lb (202 kg),Required Engine Hp,20 - 45,Required PTO Hp, ,Hitch Type,Category 2,Quick Hitch Compatible,Yes,Working Width,72.75 in,Number of Shanks,6,,,,,,,,
YBB306,Yanmar YBB306 - 6' Box Blade,T,100,T,1,YANMAR,Attachments,,T,T,T,Tarter Attachment,,YBB306,1960,,Attachment,,0,0,T,,,,,,,Tarter,441,,Box Blade,Attachment,T,,,,,,,,,,,,,,20,50,,,,,,,,,,,,,,,,,,,,,,,,,,,,,,,,,,,,,,,,,,,,,,,474,,,474 lb (215 kg),Required Engine Hp,20 - 50,Required PTO Hp, ,Hitch Type,Category 3,Quick Hitch Compatible,Yes,Working Width,73.50 in,Number of Shanks,6,,,,,,,,
YBB307,Yanmar YBB307 - 7' Box Blade,T,100,T,1,YANMAR,Attachments,,T,T,T,Tarter Attachment,,YBB307,2081,,Attachment,,0,0,T,,,,,,,Tarter,442,,Box Blade,Attachment,T,,,,,,,,,,,,,,25,65,,,,,,,,,,,,,,,,,,,,,,,,,,,,,,,,,,,,,,,,,,,,,,,510,,,510 lb (231 kg),Required Engine Hp,25 - 65,Required PTO Hp, ,Hitch Type,Category 4,Quick Hitch Compatible,Yes,Working Width,85.50 in,Number of Shanks,6,,,,,,,,
YBHFH72,"72"" Front Blade",T,100,T,1,YANMAR,Attachments,,T,T,T,YANMAR-ATTACHMENT,,YBHFH72,2011,,Attachment, ,0,0,T,,,,,,,,288,,,Attachment,T,,,,,,,,,,,,,,,,,,FHKIT-SA22P,1,ANGLEKIT-SAP,1,,,FHKIT-SA32P,1,ANGLEKIT-SAP,1,,, , ,,,,,,,,,,,T,,T,T,T,,,,,,,,,,,,,,,,,,,,,,,,,,,,,,,,,,,,,,,
YBLSA72,"72"" Front Blade (Loader Mount)",T,100,T,1,YANMAR,Attachments,,T,T,T,YANMAR-ATTACHMENT,,YBLSA72,2011,,Attachment, ,0,0,T,,,,,,,,289,,,Attachment,T,,,,,,,,,,,,,,,,,,YL110-SAP,1,,,,,YL210-SAP,1,,,,,,,,,,,,,,,,,T, ,T,T,T,,,,,,,,,,,,,,,,,,,,,,,,,,,,,,,,,,,,,,,
YBP20,Yanmar YBP20 Boom Pole,T,100,T,1,YANMAR,Attachments,,T,T,T,Tarter Attachment,,YBP20,374,,Attachment,,0,0,T,,,,,,,Tarter,481,,Boom Pole,Attachment,T,,,,,,,,,,,,,,,,,,,,,,,,,,,,,,,,,,,,,,,,,,,,,,,,,,,,,,,,,,,,,,,,,,,,,,,,,,,,,,,,,,,,,
YBP30,Yanmar YBP30 Boom Pole,T,100,T,1,YANMAR,Attachments,,T,T,T,Tarter Attachment,,YBP30,739,,Attachment,,0,0,T,,,,,,,Tarter,482,,Boom Pole,Attachment,T,,,,,,,,,,,,,,,,,,,,,,,,,,,,,,,,,,,,,,,,,,,,,,,,,,,,,,,,,,,,,,,,,,,,,,,,,,,,,,,,,,,,,
YDH105,Yanmar YDH105 - 5' Disc Harrow,T,100,T,1,YANMAR,Attachments,,T,T,T,Tarter Attachment,,YDH105,2205,,Attachment,,0,0,T,,,,,,,Tarter,454,,Disc Harrow,Attachment,T,,,,,,,,,,,,,,,,,,,,,,,,,,,,,,,,,,,,,,,,,,,,,,,,,,,,,,,,,,,,,,,,,,,,,,,,,,,,,,,,,,,,,
YDH206,Yanmar YDH206 - 6' Disc Harrow,T,100,T,1,YANMAR,Attachments,,T,T,T,Tarter Attachment,,YDH206,2355,,Attachment,,0,0,T,,,,,,,Tarter,455,,Disc Harrow,Attachment,T,,,,,,,,,,,,,,,,,,,,,,,,,,,,,,,,,,,,,,,,,,,,,,,,,,,,,,,,,,,,,,,,,,,,,,,,,,,,,,,,,,,,,
YDH307,Yanmar YDH307 - 7' Disc Harrow,T,100,T,1,YANMAR,Attachments,,T,T,T,Tarter Attachment,,YDH307,3556,,Attachment,,0,0,T,,,,,,,Tarter,456,,Disc Harrow,Attachment,T,,,,,,,,,,,,,,,,,,,,,,,,,,,,,,,,,,,,,,,,,,,,,,,,,,,,,,,,,,,,,,,,,,,,,,,,,,,,,,,,,,,,,
YFC201,Yanmar YFC201 - 1 Row Field Cultivator,T,100,T,1,YANMAR,Attachments,,T,T,T,Tarter Attachment,,YFC201,625,,Attachment,,0,0,T,,,,,,,Tarter,458,,Cultivator,Attachment,T,,,,,,,,,,,,,,,,,,,,,,,,,,,,,,,,,,,,,,,,,,,,,,,,,,,,,,,,,,,,,,,,,,,,,,,,,,,,,,,,,,,,,
YFM205,Yanmar YFM205 - 5' Finish Mower,T,200,T,2,YANMAR,Attachments,,T,T,T,Tarter Attachment,,YFM205,3440,,Attachment,,0,0,T,,,,,,,Tarter,444,,Mower,Attachment,T,,,,,,,,,,,,,,,,,,,,,,,,,,,,,,,,,,,,,,,,,,,,,,,,,,,,,,,,,,,,,,,,,,,,,,,,,,,,,,,,,,,,,
YFM206,Yanmar YFM206 - 6' Finish Mower,T,200,T,2,YANMAR,Attachments,,T,T,T,Tarter Attachment,,YFM206,3807,,Attachment,,0,0,T,,,,,,,Tarter,445,,Mower,Attachment,T,,,,,,,,,,,,,,,,,,,,,,,,,,,,,,,,,,,,,,,,,,,,,,,,,,,,,,,,,,,,,,,,,,,,,,,,,,,,,,,,,,,,,
YFS20,Yanmar YFS20 Fertilizer Spreader,T,200,T,2,YANMAR,Attachments,,T,T,T,Tarter Attachment,,YFS20,1116,,Attachment,,0,0,T,,,,,,,Tarter,488,,Spreader,Attachment,T,,,,,,,,,,,,,,,,,,,,,,,,,,,,,,,,,,,,,,,,,,,,,,,,,,,,,,,,,,,,,,,,,,,,,,,,,,,,,,,,,,,,,
YGB104,Yanmar YGB104 - 4' Grader Blade,T,100,T,1,YANMAR,Attachments,,T,T,T,Tarter Attachment,,YGB104,864,,Attachment,,0,0,T,,,,,,,Tarter,467,,Grader Blade,Attachment,T,,,,,,,,,,,,,,,,,,,,,,,,,,,,,,,,,,,,,,,,,,,,,,,,,,,,,,,,,,,,,,,,,,,,,,,,,,,,,,,,,,,,,
YGB205,Yanmar YGB205 - 5' Grader Blade,T,100,T,1,YANMAR,Attachments,,T,T,T,Tarter Attachment,,YGB205,990,,Attachment,,0,0,T,,,,,,,Tarter,468,,Grader Blade,Attachment,T,,,,,,,,,,,,,,,,,,,,,,,,,,,,,,,,,,,,,,,,,,,,,,,,,,,,,,,,,,,,,,,,,,,,,,,,,,,,,,,,,,,,,
YGB206,Yanmar YGB206 - 6' Grader Blade,T,100,T,1,YANMAR,Attachments,,T,T,T,Tarter Attachment,,YGB206,1114,,Attachment,,0,0,T,,,,,,,Tarter,469,,Grader Blade,Attachment,T,,,,,,,,,,,,,,,,,,,,,,,,,,,,,,,,,,,,,,,,,,,,,,,,,,,,,,,,,,,,,,,,,,,,,,,,,,,,,,,,,,,,,
YGB207,Yanmar YGB207 - 7' Grader Blade,T,100,T,1,YANMAR,Attachments,,T,T,T,Tarter Attachment,,YGB207,1238,,Attachment,,0,0,T,,,,,,,Tarter,470,,Grader Blade,Attachment,T,,,,,,,,,,,,,,,,,,,,,,,,,,,,,,,,,,,,,,,,,,,,,,,,,,,,,,,,,,,,,,,,,,,,,,,,,,,,,,,,,,,,,
YGB306,Yanmar YGB306 - 6' Grader Blade,T,100,T,1,YANMAR,Attachments,,T,T,T,Tarter Attachment,,YGB306,1355,,Attachment,,0,0,T,,,,,,,Tarter,471,,Grader Blade,Attachment,T,,,,,,,,,,,,,,,,,,,,,,,,,,,,,,,,,,,,,,,,,,,,,,,,,,,,,,,,,,,,,,,,,,,,,,,,,,,,,,,,,,,,,
YGB307,Yanmar YGB307 - 7' Grader Blade,T,100,T,1,YANMAR,Attachments,,T,T,T,Tarter Attachment,,YGB307,1479,,Attachment,,0,0,T,,,,,,,Tarter,472,,Grader Blade,Attachment,T,,,,,,,,,,,,,,,,,,,,,,,,,,,,,,,,,,,,,,,,,,,,,,,,,,,,,,,,,,,,,,,,,,,,,,,,,,,,,,,,,,,,,
YHF20,Yanmar YHF20 3-Point Hay Fork,T,100,T,1,YANMAR,Attachments,,T,T,T,Tarter Attachment,,YHF20,491,,Attachment,,0,0,T,,,,,,,Tarter,484,,Hay Fork,Attachment,T,,,,,,,,,,,,,,,,,,,,,,,,,,,,,,,,,,,,,,,,,,,,,,,,,,,,,,,,,,,,,,,,,,,,,,,,,,,,,,,,,,,,,
YHF30,Yanmar YHF30 3-Point Hay Fork,T,100,T,1,YANMAR,Attachments,,T,T,T,Tarter Attachment,,YHF30,743,,Attachment,,0,0,T,,,,,,,Tarter,485,,Hay Fork,Attachment,T,,,,,,,,,,,,,,,,,,,,,,,,,,,,,,,,,,,,,,,,,,,,,,,,,,,,,,,,,,,,,,,,,,,,,,,,,,,,,,,,,,,,,
YL110-SAP,YL110 Front Loader,T,300,T,3,YANMAR,Attachments,,T,T,T,YANMAR-ATTACHMENT,,YL110-SAP,4157,,Attachment, ,0,0,T,,,,,,,,290,,,Attachment,T,,,,,,,,,,,,,,,,,,,,,,,,,,,,,,,,,,,,,,,,,,T,,,,,,,,,,,,,,,,,,,,,,,,,,,,,,,,,,,,,,,,,,,
YL210-SA4PRP,YL210 Front Loader,T,300,T,3,YANMAR,Attachments,,T,T,T,YANMAR-ATTACHMENT,,YL210-SA4PRP,4272,,Attachment, ,0,0,T,,,,,,,,291,,,Attachment,T,,,,,,,,,,,,,,,,,,,,,,,,,,,,,,,,,,,,,,,,,,,,,,T,,,,,,,,,,,,,,,,,,,,,,,,,,,,,,,,,,,,,,,
YL210-SAP,YL210 Front Loader,T,300,T,3,YANMAR,Attachments,,T,T,T,YANMAR-ATTACHMENT,,YL210-SAP,4783,,Attachment, ,0,0,T,,,,,,,,292,,,Attachment,T,,,,,,,,,,,,,,,,,,,,,,,,,,,,,,,,,,,,,,,,,,,,T,T,,,,,,,,,,,,,,,,,,,,,,,,,,,,,,,,,,,,,,,,
YL310-YT2P,YL310 Front Loader,T,300,T,3,YANMAR,Attachments,,T,T,T,YANMAR-ATTACHMENT,,YL310-YT2P,6195,,Attachment, ,0,0,T,,,,,,,,293,,,Attachment,T,,,,,,,,,,,,,,,,,,,,,,,,,,,,,,,,,,,,,,,,,,,,,,,,,,,,,,,,,,,,,,,,,,,,,,,,,,,,,,,,,,,,,
YL405-YM2P,YL405 Front Loader,T,300,T,3,YANMAR,Attachments,,T,T,T,YANMAR-ATTACHMENT,,YL405-YM2P,7751,,Attachment, ,0,0,T,,,,,,,,294,,,Attachment,T,,,,,,,,,,,,,,,,,,,,,,,,,,,,,,,,,,,,,,,,,,,,,,,,,,,,,,,,,,,,,,,,,,,,,,,,,,,,,,,,,,,,,
YL605-YM34P,YL605 Front Loader,T,300,T,3,YANMAR,Attachments,,T,T,T,YANMAR-ATTACHMENT,,YL605-YM34P,7454,,Attachment, ,0,0,T,,,,,,,,295,,,Attachment,T,,,,,,,,,,,,,,,,,,,,,,,,,,,,,,,,,,,,,,,,,,,,,,,,,,,,,,,,,,,,,,,,,,,,,,,,,,,,,,,,,,,,,
YL605-YM35P,YL605 Front Loader,T,300,T,3,YANMAR,Attachments,,T,T,T,YANMAR-ATTACHMENT,,YL605-YM35P,7454,,Attachment, ,0,0,T,,,,,,,,296,,,Attachment,T,,,,,,,,,,,,,,,,,,,,,,,,,,,,,,,,,,,,,,,,,,,,,,,,,,,,,,,,,,,,,,,,,,,,,,,,,,,,,,,,,,,,,
YL610B-YT34P,YL610 Front Loader,T,300,T,3,YANMAR,Attachments,,T,T,T,YANMAR-ATTACHMENT,,YL610B-YT34P,8128,,Attachment, ,0,0,T,,,,,,,,297,,,Attachment,T,,,,,,,,,,,,,,,,,,,,,,,,,,,,,,,,,,,,,,,,,,,,,,,,,,,,,,,,,,,,,,,,,,,,,,,,,,,,,,,,,,,,,
YL610B-YT35P,YL610 Front Loader,T,300,T,3,YANMAR,Attachments,,T,T,T,YANMAR-ATTACHMENT,,YL610B-YT35P,8128,,Attachment, ,0,0,T,,,,,,,,298,,,Attachment,T,,,,,,,,,,,,,,,,,,,,,,,,,,,,,,,,,,,,,,,,,,,,,,,,,,,,,,,,,,,,,,,,,,,,,,,,,,,,,,,,,,,,,
YLG114.5,Yanmar YLG114.5 - 4.5' Land Grader,T,100,T,1,YANMAR,Attachments,,T,T,T,Tarter Attachment,,YLG114.5,1581,,Attachment,,0,0,T,,,,,,,Tarter,474,,Land Grader,Attachment,T,,,,,,,,,,,,,,,,,,,,,,,,,,,,,,,,,,,,,,,,,,,,,,,,,,,,,,,,,,,,,,,,,,,,,,,,,,,,,,,,,,,,,
YLG215,Yanmar YLG215 - 5' Land Grader,T,100,T,1,YANMAR,Attachments,,T,T,T,Tarter Attachment,,YLG215,2067,,Attachment,,0,0,T,,,,,,,Tarter,475,,Land Grader,Attachment,T,,,,,,,,,,,,,,,,,,,,,,,,,,,,,,,,,,,,,,,,,,,,,,,,,,,,,,,,,,,,,,,,,,,,,,,,,,,,,,,,,,,,,
YLG216,Yanmar YLG216 - 6' Land Grader,T,100,T,1,YANMAR,Attachments,,T,T,T,Tarter Attachment,,YLG216,2434,,Attachment,,0,0,T,,,,,,,Tarter,476,,Land Grader,Attachment,T,,,,,,,,,,,,,,,,,,,,,,,,,,,,,,,,,,,,,,,,,,,,,,,,,,,,,,,,,,,,,,,,,,,,,,,,,,,,,,,,,,,,,
YLG318,Yanmar YLG318 - 8' Land Grader,T,100,T,1,YANMAR,Attachments,,T,T,T,Tarter Attachment,,YLG318,2967,,Attachment,,0,0,T,,,,,,,Tarter,477,,Land Grader,Attachment,T,,,,,,,,,,,,,,,,,,,,,,,,,,,,,,,,,,,,,,,,,,,,,,,,,,,,,,,,,,,,,,,,,,,,,,,,,,,,,,,,,,,,,
YLR104,Yanmar YLR104 - 4' Landscape Rake,T,0,T,0,YANMAR,Attachments,,T,T,T,Tarter Attachment,,YLR104,987,,Attachment,,0,0,T,,,,,,,Tarter,460,,Landscape Rake,Attachment,T,,,,,,,,,,,,,,,,,,,,,,,,,,,,,,,,,,,,,,,,,,,,,,,,,,,,,,,,,,,,,,,,,,,,,,,,,,,,,,,,,,,,,
YLR205,Yanmar YLR205 - 5' Landscape Rake,T,100,T,1,YANMAR,Attachments,,T,T,T,Tarter Attachment,,YLR205,1117,,Attachment,,0,0,T,,,,,,,Tarter,461,,Landscape Rake,Attachment,T,,,,,,,,,,,,,,,,,,,,,,,,,,,,,,,,,,,,,,,,,,,,,,,,,,,,,,,,,,,,,,,,,,,,,,,,,,,,,,,,,,,,,
YLR206,Yanmar YLR206 - 6' Landscape Rake,T,100,T,1,YANMAR,Attachments,,T,T,T,Tarter Attachment,,YLR206,1162,,Attachment,,0,0,T,,,,,,,Tarter,462,,Landscape Rake,Attachment,T,,,,,,,,,,,,,,,,,,,,,,,,,,,,,,,,,,,,,,,,,,,,,,,,,,,,,,,,,,,,,,,,,,,,,,,,,,,,,,,,,,,,,
YLR207,Yanmar YLR207 - 7' Landscape Rake,T,100,T,1,YANMAR,Attachments,,T,T,T,Tarter Attachment,,YLR207,1231,,Attachment,,0,0,T,,,,,,,Tarter,463,,Landscape Rake,Attachment,T,,,,,,,,,,,,,,,,,,,,,,,,,,,,,,,,,,,,,,,,,,,,,,,,,,,,,,,,,,,,,,,,,,,,,,,,,,,,,,,,,,,,,
YLR306,Yanmar YLR306 - 6' Landscape Rake,T,100,T,1,YANMAR,Attachments,,T,T,T,Tarter Attachment,,YLR306,1612,,Attachment,,0,0,T,,,,,,,Tarter,464,,Landscape Rake,Attachment,T,,,,,,,,,,,,,,,,,,,,,,,,,,,,,,,,,,,,,,,,,,,,,,,,,,,,,,,,,,,,,,,,,,,,,,,,,,,,,,,,,,,,,
YLR307,Yanmar YLR307 - 7' Landscape Rake,T,100,T,1,YANMAR,Attachments,,T,T,T,Tarter Attachment,,YLR307,1735,,Attachment,,0,0,T,,,,,,,Tarter,465,,Landscape Rake,Attachment,T,,,,,,,,,,,,,,,,,,,,,,,,,,,,,,,,,,,,,,,,,,,,,,,,,,,,,,,,,,,,,,,,,,,,,,,,,,,,,,,,,,,,,
YLRWK,Landscape Rake Wheel Kit,T,50,T,0.5,YANMAR,Attachments,,T,T,T,Tarter Attachment,,YLRWK,621,,Accessory,,0,0,T,,,,,,,Tarter,500,, ,Attachment,T,,,,,,,,,,,,,,,,,,,,,,,,,,,,,,,,,,,,,,,,,,,,,,,,,,,,,,,,,,,,,,,,,,,,,,,,,,,,,,,,,,,,,
YMB20,Yanmar YMB20 Middle Buster,T,100,T,1,YANMAR,Attachments,,T,T,T,Tarter Attachment,,YMB20,444,,Attachment,,0,0,T,,,,,,,Tarter,452,,Middle Buster,Attachment,T,,,,,,,,,,,,,,,,,,,,,,,,,,,,,,,,,,,,,,,,,,,,,,,,,,,,,,,,,,,,,,,,,,,,,,,,,,,,,,,,,,,,,
YMBSS10,Yanmar YMBSS10 Middle Buster Sub Soiler Combo,T,100,T,1,YANMAR,Attachments,,T,T,T,Tarter Attachment,,YMBSS10,396,,Attachment,,0,0,T,,,,,,,Tarter,451,,Subsoiler,Attachment,T,,,,,,,,,,,,,,,,,,,,,,,,,,,,,,,,,,,,,,,,,,,,,,,,,,,,,,,,,,,,,,,,,,,,,,,,,,,,,,,,,,,,,
YMDM50,Disc Mower,T,0,T,0,YANMAR,Attachments, ,T,T,T,YANMAR-ATTACHMENT,F,CV5080N1A,8819, ,Attachment, ,0,0,T,2026-09-30,2026-08-01,400,,,,,249,,,Attachment,T,,,,,,,,,,,,,,,,,,,,,,,,,,,,,,,,,,,,,,,,,,,,,,,,,,,,,,,,,,,,,,,,,,,,,,,,,,,,,,,,,,,,,
YMGR88,Hay Rake,T,0,T,0,YANMAR,Attachments, ,T,T,T,YANMAR-ATTACHMENT,F,CV5080N1A,5401, ,Attachment, ,0,0,T,2026-09-30,2026-08-01,250,,,,,248,,,Attachment,T,,,,,,,,,,,,,,,,,,,,,,,,,,,,,,,,,,,,,,,,,,,,,,,,,,,,,,,,,,,,,,,,,,,,,,,,,,,,,,,,,,,,,
YMP201,Yanmar YMP201 - 1 Bottom Mold Board Plow,T,100,T,1,YANMAR,Attachments,,T,T,T,Tarter Attachment,,YMP201,1350,,Attachment,,0,0,T,,,,,,,Tarter,447,,Mold Board Plow,Attachment,T,,,,,,,,,,,,,,,,,,,,,,,,,,,,,,,,,,,,,,,,,,,,,,,,,,,,,,,,,,,,,,,,,,,,,,,,,,,,,,,,,,,,,
YMP202,Yanmar YMP202 - 2 Bottom Mold Board Plow,T,100,T,1,YANMAR,Attachments,,T,T,T,Tarter Attachment,,YMP202,2085,,Attachment,,0,0,T,,,,,,,Tarter,448,,Mold Board Plow,Attachment,T,,,,,,,,,,,,,,,,,,,,,,,,,,,,,,,,,,,,,,,,,,,,,,,,,,,,,,,,,,,,,,,,,,,,,,,,,,,,,,,,,,,,,
YMRB32,Hay Baler,T,0,T,0,YANMAR,Attachments, ,T,T,T,YANMAR-ATTACHMENT,F,CV5020N1A,15054,  ,Attachment, ,0,0,T,2026-09-30,2026-08-01,700,,,,,247,,,Attachment,T,,,,,,,,,,,,,,,,,,,,,,,,,,,,,,,,,,,,,,,,,,,,,,,,,,,,,,,,,,,,,,,,,,,,,,,,,,,,,,,,,,,,,
YPFQA,Yanmar YPFQA Pallet Fork Quick Attach,T,100,T,1,YANMAR,Attachments,,T,T,T,Tarter Attachment,,YPFQA,1479,,Attachment,,0,0,T,,,,,,,Tarter,497,,Pallet Forks,Attachment,T,,,,,,,,,,,,,,,,,,,,,,,,,,,,,,,,,,,,,,,,,,,,,,,,,,,,,,,,,,,,,,,,,,,,,,,,,,,,,,,,,,,,,
YPFQA12,Yanmar YPFQA12 Pallet Fork Quick Attach,T,100,T,1,YANMAR,Attachments,,T,T,T,Tarter Attachment,,YPFQA12,1110,,Attachment,,0,0,T,,,,,,,Tarter,496,,Pallet Forks,Attachment,T,,,,,,,,,,,,,,,,,,,,,,,,,,,,,,,,,,,,,,,,,,,,,,,,,,,,,,,,,,,,,,,,,,,,,,,,,,,,,,,,,,,,,
YPFS20,Yanmar YPFS20 Poly Fertilizer Spreader,T,200,T,2,YANMAR,Attachments,,T,T,T,Tarter Attachment,,YPFS20,1227,,Attachment,,0,0,T,,,,,,,Tarter,487,,Spreader,Attachment,T,,,,,,,,,,,,,,,,,,,,,,,,,,,,,,,,,,,,,,,,,,,,,,,,,,,,,,,,,,,,,,,,,,,,,,,,,,,,,,,,,,,,,
YQASP6,Yanmar YQASP6 - 6' Front-Attach Snow Pusher,T,100,T,1,YANMAR,Attachments,,T,T,T,Tarter Attachment,,YQASP6,2453,,Attachment,,0,0,T,,,,,,,Tarter,492,,Snow Pusher,Attachment,T,,,,,,,,,,,,,,,,,,,,,,,,,,,,,,,,,,,,,,,,,,,,,,,,,,,,,,,,,,,,,,,,,,,,,,,,,,,,,,,,,,,,,
YQASP7,Yanmar YQASP7 - Quick-Attach Snow Pusher,T,100,T,1,YANMAR,Attachments,,T,T,T,Tarter Attachment,,YQASP7,2726,,Attachment,,0,0,T,,,,,,,Tarter,493,,Snow Pusher,Attachment,T,,,,,,,,,,,,,,,,,,,,,,,,,,,,,,,,,,,,,,,,,,,,,,,,,,,,,,,,,,,,,,,,,,,,,,,,,,,,,,,,,,,,,
YQASP8,Yanmar YQASP8 - 8' Front-Attach Snow Pusher,T,100,T,1,YANMAR,Attachments,,T,T,T,Tarter Attachment,,YQASP8,2849,,Attachment,,0,0,T,,,,,,,Tarter,494,,Snow Pusher,Attachment,T,,,,,,,,,,,,,,,,,,,,,,,,,,,,,,,,,,,,,,,,,,,,,,,,,,,,,,,,,,,,,,,,,,,,,,,,,,,,,,,,,,,,,
YQASS,Yanmar YQASS Front-Attach Super Bale Spear,T,100,T,1,YANMAR,Attachments,,T,T,T,Tarter Attachment,,YQASS,984,,Attachment,,0,0,T,,,,,,,Tarter,490,,Bale Spear,Attachment,T,,,,,,,,,,,,,,,,,,,,,,,,,,,,,,,,,,,,,,,,,,,,,,,,,,,,,,,,,,,,,,,,,,,,,,,,,,,,,,,,,,,,,
YRC104R,Yanmar YRC104 - 4' Rotary Cutter,T,200,T,2,YANMAR,Attachments,,T,T,T,Tarter Attachment,,YRC104R,2334,,Attachment, ,0,0,T,,,,,,,Tarter,426,,Rotary Cutter,Attachment,T,,,,,,,,,,,,,,,,,,,,,,,,,,,,,,,,,,,,,,,,,,,,,,,,,,,,,,,,,,,,,,,,,,,,,,,,,,,,,,,,,,,,,
YRC104SCR,Yanmar YRC104 - 4' Rotary Cutter w/Slip Clutch,T,200,T,2,YANMAR,Attachments,,T,T,T,Tarter Attachment,,YRC104SCR,2492,,Attachment,,0,0,T,,,,,,,Tarter,430,,Rotary Cutter,Attachment,T,,,,,,,,,,,,,,,,,,,,,,,,,,,,,,,,,,,,,,,,,,,,,,,,,,,,,,,,,,,,,,,,,,,,,,,,,,,,,,,,,,,,,
YRC205R,Yanmar YRC205 - 5' Rotary Cutter,T,200,T,2,YANMAR,Attachments,,T,T,T,Tarter Attachment,,YRC205R,2571,,Attachment,,0,0,T,,,,,,,Tarter,427,,Rotary Cutter,Attachment,T,,,,,,,,,,,,,,,,,,,,,,,,,,,,,,,,,,,,,,,,,,,,,,,,,,,,,,,,,,,,,,,,,,,,,,,,,,,,,,,,,,,,,
YRC205SCR,Yanmar YRC205 - 5' Rotary Cutter w/Slip Clutch,T,200,T,2,YANMAR,Attachments,,T,T,T,Tarter Attachment,,YRC205SCR,2817,,Attachment,,0,0,T,,,,,,,Tarter,431,,Rotary Cutter,Attachment,T,,,,,,,,,,,,,,,,,,,,,,,,,,,,,,,,,,,,,,,,,,,,,,,,,,,,,,,,,,,,,,,,,,,,,,,,,,,,,,,,,,,,,
YRC206R,Yanmar YRC206 - 6' Rotary Cutter,T,200,T,2,YANMAR,Attachments,,T,T,T,Tarter Attachment,,YRC206R,2947,,Attachment,,0,0,T,,,,,,,Tarter,428,,Rotary Cutter,Attachment,T,,,,,,,,,,,,,,,,,,,,,,,,,,,,,,,,,,,,,,,,,,,,,,,,,,,,,,,,,,,,,,,,,,,,,,,,,,,,,,,,,,,,,
YRC206SCR,Yanmar YRC206 - 6' Rotary Cutter w/Slip Clutch,T,200,T,2,YANMAR,Attachments,,T,T,T,Tarter Attachment,,YRC206SCR,3193,,Attachment,,0,0,T,,,,,,,Tarter,432,,Rotary Cutter,Attachment,T,,,,,,,,,,,,,,,,,,,,,,,,,,,,,,,,,,,,,,,,,,,,,,,,,,,,,,,,,,,,,,,,,,,,,,,,,,,,,,,,,,,,,
YRC306,Yanmar YRC306 - 6' Rotary Cutter,T,200,T,2,YANMAR,Attachments,,T,T,T,Tarter Attachment,,YRC306,4177,,Attachment,,0,0,T,,,,,,,Tarter,429,,Rotary Cutter,Attachment,T,,,,,,,,,,,,,,,,,,,,,,,,,,,,,,,,,,,,,,,,,,,,,,,,,,,,,,,,,,,,,,,,,,,,,,,,,,,,,,,,,,,,,
YRT104,Yanmar YRT104 - 4' Rotary Tiller,T,200,T,2,YANMAR,Attachments,,T,T,T,Tarter Attachment,,YRT104,3562,,Attachment,,0,0,T,,,,,,,Tarter,434,,Tiller,Attachment,T,,,,,,,,,,,,,,,,,,,,,,,,,,,,,,,,,,,,,,,,,,,,,,,,,,,,,,,,,,,,,,,,,,,,,,,,,,,,,,,,,,,,,
YRT205,Yanmar YRT205 - 5' Rotary Tiller,T,200,T,2,YANMAR,Attachments,,T,T,T,Tarter Attachment,,YRT205,4048,,Attachment,,0,0,T,,,,,,,Tarter,435,,Tiller,Attachment,T,,,,,,,,,,,,,,,,,,,,,,,,,,,,,,,,,,,,,,,,,,,,,,,,,,,,,,,,,,,,,,,,,,,,,,,,,,,,,,,,,,,,,
YRT206,Yanmar YRT206 - 6' Rotary Tiller,T,200,T,2,YANMAR,Attachments,,T,T,T,Tarter Attachment,,YRT206,4495,,Attachment,,0,0,T,,,,,,,Tarter,436,,Tiller,Attachment,T,,,,,,,,,,,,,,,,,,,,,,,,,,,,,,,,,,,,,,,,,,,,,,,,,,,,,,,,,,,,,,,,,,,,,,,,,,,,,,,,,,,,,
YSS20,Yanmar YSS20 Subsoiler,T,100,T,1,YANMAR,Attachments,,T,T,T,Tarter Attachment,,YSS20,468,,Attachment,,0,0,T,,,,,,,Tarter,450,,Subsoiler,Attachment,T,,,,,,,,,,,,,,,,,,,,,,,,,,,,,,,,,,,,,,,,,,,,,,,,,,,,,,,,,,,,,,,,,,,,,,,,,,,,,,,,,,,,,
YTM20,Yanmar YTM20 Trailer Mover,T,0,T,0,YANMAR,Attachments,,T,T,T,Tarter Attachment,,YTM20,495,,Attachment,,0,0,T,,,,,,,Tarter,479,,Trailer Mover,Attachment,T,,,,,,,,,,,,,,,,,,,,,,,,,,,,,,,,,,,,,,,,,,,,,,,,,,,,,,,,,,,,,,,,,,,,,,,,,,,,,,,,,,,,,
YZB200,Bagger,T,100,T,1,YANMAR,Attachments,,T,T,T,YANMAR-ATTACHMENT,,YZB200,1766,,Attachment, ,0,0,T,,,,,,,,299,,,Attachment,T,,,,,,,,,,,,,,,,,,,,,,,,,,,,,,,,,,,,,,,,,,,,,,,,,,,,,,,,,,,,,,,,,,,,,,,,,,,,,,,,,,,,,
YZB360-400,Bagger,T,100,T,1,YANMAR,Attachments,,T,T,T,YANMAR-ATTACHMENT,,YZB360-400,3092,,Attachment, ,0,0,T,,,,,,,,300,,,Attachment,T,,,,,,,,,,,,,,,,,,,,,,,,,,,,,,,,,,,,,,,,,,,,,,,,,,,,,,,,,,,,,,,,,,,,,,,,,,,,,,,,,,,,,
