Active,SortOrder,ProgramName,APR,TermMonths,CustomerOriginationFee,MinAmount,MaxAmount,RebateCompatible,StartDate,EndDate,Public,Display,ExcludeFromBid,ExcludeFromFleet,MinDownAmount,MinDownPercent,Notes,ProgramID,BrandID,Lender,ApplicationURL
T,1,5.99% APR for 12 Months,0.0599,12,50,500,75000,T,2026-08-01,2026-10-31,T,T,F,F,0,0,Interest begins immediately; first payment due 35 days after closing; no prepayment penalty.,HONDA-20260801-01,HONDA,Sheffield Financial,https://prequalify.sheffieldfinancial.com/Apply/Dealer/51498
T,2,7.99% APR for 24 Months,0.0799,24,150,1500,75000,T,2026-08-01,2026-10-31,T,T,F,F,0,0,Interest begins immediately; first payment due 35 days after closing; no prepayment penalty.,HONDA-20260801-02,HONDA,Sheffield Financial,https://prequalify.sheffieldfinancial.com/Apply/Dealer/51498
T,4,9.99% APR for 36 Months,0.0999,36,150,1500,75000,T,2026-08-01,2026-10-31,T,T,F,F,0,0,Interest begins immediately; first payment due 35 days after closing; no prepayment penalty.,HONDA-20260801-04,HONDA,Sheffield Financial,https://prequalify.sheffieldfinancial.com/Apply/Dealer/51498
T,6,11.99% APR for 48 Months,0.1199,48,150,1500,75000,T,2026-08-01,2026-10-31,T,T,F,F,0,0,Interest begins immediately; first payment due 35 days after closing; no prepayment penalty.,HONDA-20260801-06,HONDA,Sheffield Financial,https://prequalify.sheffieldfinancial.com/Apply/Dealer/51498
T,3,8.99% APR for 12 Months,0.0899,12,50,500,75000,T,2026-08-01,2026-10-31,T,T,F,F,0,0,Interest begins immediately; first payment due 35 days after closing; no prepayment penalty.,HONDA-20260801-03,HONDA,Sheffield Financial,https://prequalify.sheffieldfinancial.com/Apply/Dealer/51498
T,5,10.99% APR for 24 Months,0.1099,24,150,1500,75000,T,2026-08-01,2026-10-31,T,T,F,F,0,0,Interest begins immediately; first payment due 35 days after closing; no prepayment penalty.,HONDA-20260801-05,HONDA,Sheffield Financial,https://prequalify.sheffieldfinancial.com/Apply/Dealer/51498
T,7,12.99% APR for 36 Months,0.1299,36,150,1500,75000,T,2026-08-01,2026-10-31,T,T,F,F,0,0,Interest begins immediately; first payment due 35 days after closing; no prepayment penalty.,HONDA-20260801-07,HONDA,Sheffield Financial,https://prequalify.sheffieldfinancial.com/Apply/Dealer/51498
T,8,14.99% APR for 48 Months,0.1499,48,150,1500,75000,T,2026-08-01,2026-10-31,T,T,F,F,0,0,Interest begins immediately; first payment due 35 days after closing; no prepayment penalty.,HONDA-20260801-08,HONDA,Sheffield Financial,https://prequalify.sheffieldfinancial.com/Apply/Dealer/51498
T,9,10.99% APR for 36 Months - Subprime,0.1099,36,150,1500,75000,T,2026-08-01,2026-10-31,F,F,F,F,0,0,For approved applicants with credit scores below 660. Dealer use only; do not display publicly.,HONDA-20260801-09,HONDA,Sheffield Financial,https://prequalify.sheffieldfinancial.com/Apply/Dealer/51498
